No.,Due date,Type
1,5/30/2020,Type 4
2,5/17/2020,Type 3
3,5/11/2020,Type 4
4,5/29/2020,Type 5
5,5/30/2020,Type 5
6,5/18/2020,Type 5
7,5/19/2020,Type 1
8,5/19/2020,Type 2
9,5/23/2020,Type 4
10,5/19/2020,Type 3
11,5/23/2020,Type 2
12,5/20/2020,Type 4
13,5/27/2020,Type 2
14,5/14/2020,Type 2
15,5/22/2020,Type 3
16,5/18/2020,Type 5
17,5/13/2020,Type 4
18,5/21/2020,Type 4
19,5/29/2020,Type 4
20,5/19/2020,Type 2
21,5/11/2020,Type 1
22,5/18/2020,Type 3
23,5/10/2020,Type 4
24,5/29/2020,Type 3
25,5/30/2020,Type 4
26,5/25/2020,Type 4
27,5/31/2020,Type 1
28,5/19/2020,Type 5
29,5/19/2020,Type 4
30,5/29/2020,Type 3
31,5/28/2020,Type 3
32,5/16/2020,Type 5
33,5/28/2020,Type 2
34,5/13/2020,Type 3
35,5/20/2020,Type 5
36,5/31/2020,Type 4
37,5/30/2020,Type 3
38,5/24/2020,Type 5
39,5/27/2020,Type 4
40,5/16/2020,Type 2
41,5/28/2020,Type 4
42,5/11/2020,Type 1
43,5/11/2020,Type 4
44,5/23/2020,Type 2
45,5/25/2020,Type 3
46,5/28/2020,Type 2
47,5/18/2020,Type 3
48,5/24/2020,Type 2
49,5/27/2020,Type 3
50,5/15/2020,Type 1
51,5/29/2020,Type 2
52,5/30/2020,Type 4
53,5/13/2020,Type 3
54,5/31/2020,Type 2
55,5/11/2020,Type 4
56,5/11/2020,Type 3
57,5/29/2020,Type 2
58,5/26/2020,Type 4
59,5/18/2020,Type 3
60,5/20/2020,Type 5
61,5/26/2020,Type 2
62,5/23/2020,Type 3
63,5/29/2020,Type 2
64,5/20/2020,Type 2
65,5/26/2020,Type 5
66,5/25/2020,Type 3
67,5/30/2020,Type 3
68,5/16/2020,Type 2
69,5/27/2020,Type 1
70,5/14/2020,Type 2
71,5/18/2020,Type 1
72,5/28/2020,Type 5
73,5/18/2020,Type 2
74,5/30/2020,Type 4
75,5/20/2020,Type 4
76,5/12/2020,Type 3
77,5/29/2020,Type 4
78,5/21/2020,Type 2
79,5/21/2020,Type 5
80,5/16/2020,Type 4
81,5/29/2020,Type 3
82,5/16/2020,Type 4
83,5/25/2020,Type 3
84,5/13/2020,Type 4
85,5/12/2020,Type 4
86,5/18/2020,Type 4
87,5/18/2020,Type 5
88,5/20/2020,Type 1
89,5/11/2020,Type 4
90,5/14/2020,Type 2
91,5/18/2020,Type 4
92,5/14/2020,Type 3
93,5/18/2020,Type 5
94,5/18/2020,Type 4
95,5/15/2020,Type 3
96,5/31/2020,Type 1
97,5/11/2020,Type 4
98,5/12/2020,Type 4
99,5/16/2020,Type 1
100,5/31/2020,Type 2
101,5/15/2020,Type 3
102,5/19/2020,Type 1
103,5/25/2020,Type 4
104,5/29/2020,Type 5
105,5/28/2020,Type 5
106,5/15/2020,Type 4
107,5/31/2020,Type 3
108,5/12/2020,Type 3
109,5/30/2020,Type 4
110,5/31/2020,Type 1
111,5/27/2020,Type 4
112,5/27/2020,Type 3
113,5/24/2020,Type 1
114,5/23/2020,Type 4
115,5/15/2020,Type 5
116,5/23/2020,Type 5
117,5/18/2020,Type 5
118,5/13/2020,Type 1
119,5/17/2020,Type 4
120,5/12/2020,Type 3
121,5/24/2020,Type 4
122,5/13/2020,Type 5
123,5/17/2020,Type 3
124,5/22/2020,Type 3
125,5/20/2020,Type 1
126,5/28/2020,Type 4
127,5/15/2020,Type 4
128,5/12/2020,Type 5
129,5/20/2020,Type 3
130,5/16/2020,Type 4
131,5/20/2020,Type 2
132,5/12/2020,Type 4
133,5/18/2020,Type 1
134,5/21/2020,Type 1
135,5/28/2020,Type 3
136,5/16/2020,Type 4
137,5/29/2020,Type 4
138,5/29/2020,Type 3
139,5/13/2020,Type 5
140,5/30/2020,Type 2
141,5/11/2020,Type 1
142,5/24/2020,Type 5
143,5/16/2020,Type 5
144,5/14/2020,Type 3
145,5/19/2020,Type 3
146,5/15/2020,Type 4
147,5/13/2020,Type 2
148,5/22/2020,Type 4
149,5/29/2020,Type 2
150,5/18/2020,Type 2
151,5/11/2020,Type 4
152,5/22/2020,Type 3
153,5/26/2020,Type 4
154,5/12/2020,Type 4
155,5/19/2020,Type 5
156,5/27/2020,Type 5
157,5/30/2020,Type 3
158,5/16/2020,Type 1
159,5/14/2020,Type 5
160,5/29/2020,Type 5
161,5/19/2020,Type 5
162,5/17/2020,Type 4
163,5/24/2020,Type 4
164,6/1/2020,Type 5
165,5/24/2020,Type 2
166,5/16/2020,Type 2
167,5/18/2020,Type 4
168,5/15/2020,Type 5
169,5/12/2020,Type 3
170,5/25/2020,Type 4
171,5/28/2020,Type 2
172,5/25/2020,Type 3
173,5/18/2020,Type 1
174,5/29/2020,Type 4
175,5/26/2020,Type 3
176,5/28/2020,Type 5
177,5/23/2020,Type 1
178,5/14/2020,Type 3
179,5/11/2020,Type 4
180,5/31/2020,Type 3
181,5/19/2020,Type 1
182,5/17/2020,Type 4
183,5/11/2020,Type 3
184,5/25/2020,Type 4
185,6/1/2020,Type 4
186,5/16/2020,Type 4
187,5/18/2020,Type 3
188,5/15/2020,Type 4
189,5/19/2020,Type 2
190,5/16/2020,Type 2
191,5/17/2020,Type 3
192,5/11/2020,Type 4
193,5/11/2020,Type 4
194,5/20/2020,Type 5
195,5/31/2020,Type 2
196,5/26/2020,Type 3
197,5/19/2020,Type 3
198,5/13/2020,Type 2
199,5/26/2020,Type 3
200,5/31/2020,Type 4
